run_accession;fastq_ftp
SRR1518294;ftp.sra.ebi.ac.uk/vol1/fastq/SRR151/004/SRR1518294/SRR1518294.fastq.gz
SRR1518670;"ftp.sra.ebi.ac.uk/vol1/fastq/SRR151/000/SRR1518670/SRR1518670_1.fastq.gz;ftp.sra.ebi.ac.uk/vol1/fastq/SRR151/000/SRR1518670/SRR1518670_2.fastq.gz"
SRR1518671;"ftp.sra.ebi.ac.uk/vol1/fastq/SRR151/001/SRR1518671/SRR1518671_1.fastq.gz;ftp.sra.ebi.ac.uk/vol1/fastq/SRR151/001/SRR1518671/SRR1518671_2.fastq.gz"
SRR1518672;"ftp.sra.ebi.ac.uk/vol1/fastq/SRR151/002/SRR1518672/SRR1518672_1.fastq.gz;ftp.sra.ebi.ac.uk/vol1/fastq/SRR151/002/SRR1518672/SRR1518672_2.fastq.gz"
SRR1518673;"ftp.sra.ebi.ac.uk/vol1/fastq/SRR151/003/SRR1518673/SRR1518673_1.fastq.gz;ftp.sra.ebi.ac.uk/vol1/fastq/SRR151/003/SRR1518673/SRR1518673_2.fastq.gz"
SRR1518674;"ftp.sra.ebi.ac.uk/vol1/fastq/SRR151/004/SRR1518674/SRR1518674_1.fastq.gz;ftp.sra.ebi.ac.uk/vol1/fastq/SRR151/004/SRR1518674/SRR1518674_2.fastq.gz"
SRR1518675;"ftp.sra.ebi.ac.uk/vol1/fastq/SRR151/005/SRR1518675/SRR1518675_1.fastq.gz;ftp.sra.ebi.ac.uk/vol1/fastq/SRR151/005/SRR1518675/SRR1518675_2.fastq.gz"
SRR1518676;"ftp.sra.ebi.ac.uk/vol1/fastq/SRR151/006/SRR1518676/SRR1518676_1.fastq.gz;ftp.sra.ebi.ac.uk/vol1/fastq/SRR151/006/SRR1518676/SRR1518676_2.fastq.gz"
SRR1518677;"ftp.sra.ebi.ac.uk/vol1/fastq/SRR151/007/SRR1518677/SRR1518677_1.fastq.gz;ftp.sra.ebi.ac.uk/vol1/fastq/SRR151/007/SRR1518677/SRR1518677_2.fastq.gz"
SRR1518678;"ftp.sra.ebi.ac.uk/vol1/fastq/SRR151/008/SRR1518678/SRR1518678_1.fastq.gz;ftp.sra.ebi.ac.uk/vol1/fastq/SRR151/008/SRR1518678/SRR1518678_2.fastq.gz"
SRR1518679;"ftp.sra.ebi.ac.uk/vol1/fastq/SRR151/009/SRR1518679/SRR1518679_1.fastq.gz;ftp.sra.ebi.ac.uk/vol1/fastq/SRR151/009/SRR1518679/SRR1518679_2.fastq.gz"
SRR1518680;"ftp.sra.ebi.ac.uk/vol1/fastq/SRR151/000/SRR1518680/SRR1518680_1.fastq.gz;ftp.sra.ebi.ac.uk/vol1/fastq/SRR151/000/SRR1518680/SRR1518680_2.fastq.gz"
SRR1518681;"ftp.sra.ebi.ac.uk/vol1/fastq/SRR151/001/SRR1518681/SRR1518681_1.fastq.gz;ftp.sra.ebi.ac.uk/vol1/fastq/SRR151/001/SRR1518681/SRR1518681_2.fastq.gz"
SRR1518682;"ftp.sra.ebi.ac.uk/vol1/fastq/SRR151/002/SRR1518682/SRR1518682_1.fastq.gz;ftp.sra.ebi.ac.uk/vol1/fastq/SRR151/002/SRR1518682/SRR1518682_2.fastq.gz"
SRR1518683;"ftp.sra.ebi.ac.uk/vol1/fastq/SRR151/003/SRR1518683/SRR1518683_1.fastq.gz;ftp.sra.ebi.ac.uk/vol1/fastq/SRR151/003/SRR1518683/SRR1518683_2.fastq.gz"
SRR1518684;"ftp.sra.ebi.ac.uk/vol1/fastq/SRR151/004/SRR1518684/SRR1518684_1.fastq.gz;ftp.sra.ebi.ac.uk/vol1/fastq/SRR151/004/SRR1518684/SRR1518684_2.fastq.gz"
SRR1518685;"ftp.sra.ebi.ac.uk/vol1/fastq/SRR151/005/SRR1518685/SRR1518685_1.fastq.gz;ftp.sra.ebi.ac.uk/vol1/fastq/SRR151/005/SRR1518685/SRR1518685_2.fastq.gz"
SRR1518686;"ftp.sra.ebi.ac.uk/vol1/fastq/SRR151/006/SRR1518686/SRR1518686_1.fastq.gz;ftp.sra.ebi.ac.uk/vol1/fastq/SRR151/006/SRR1518686/SRR1518686_2.fastq.gz"
SRR1518687;"ftp.sra.ebi.ac.uk/vol1/fastq/SRR151/007/SRR1518687/SRR1518687_1.fastq.gz;ftp.sra.ebi.ac.uk/vol1/fastq/SRR151/007/SRR1518687/SRR1518687_2.fastq.gz"
SRR1518688;"ftp.sra.ebi.ac.uk/vol1/fastq/SRR151/008/SRR1518688/SRR1518688_1.fastq.gz;ftp.sra.ebi.ac.uk/vol1/fastq/SRR151/008/SRR1518688/SRR1518688_2.fastq.gz"
SRR1518689;"ftp.sra.ebi.ac.uk/vol1/fastq/SRR151/009/SRR1518689/SRR1518689_1.fastq.gz;ftp.sra.ebi.ac.uk/vol1/fastq/SRR151/009/SRR1518689/SRR1518689_2.fastq.gz"
SRR1518690;"ftp.sra.ebi.ac.uk/vol1/fastq/SRR151/000/SRR1518690/SRR1518690_1.fastq.gz;ftp.sra.ebi.ac.uk/vol1/fastq/SRR151/000/SRR1518690/SRR1518690_2.fastq.gz"
SRR1518691;"ftp.sra.ebi.ac.uk/vol1/fastq/SRR151/001/SRR1518691/SRR1518691_1.fastq.gz;ftp.sra.ebi.ac.uk/vol1/fastq/SRR151/001/SRR1518691/SRR1518691_2.fastq.gz"
SRR1518692;"ftp.sra.ebi.ac.uk/vol1/fastq/SRR151/002/SRR1518692/SRR1518692_1.fastq.gz;ftp.sra.ebi.ac.uk/vol1/fastq/SRR151/002/SRR1518692/SRR1518692_2.fastq.gz"
SRR1518693;"ftp.sra.ebi.ac.uk/vol1/fastq/SRR151/003/SRR1518693/SRR1518693_1.fastq.gz;ftp.sra.ebi.ac.uk/vol1/fastq/SRR151/003/SRR1518693/SRR1518693_2.fastq.gz"
SRR1518694;"ftp.sra.ebi.ac.uk/vol1/fastq/SRR151/004/SRR1518694/SRR1518694_1.fastq.gz;ftp.sra.ebi.ac.uk/vol1/fastq/SRR151/004/SRR1518694/SRR1518694_2.fastq.gz"
SRR1518695;"ftp.sra.ebi.ac.uk/vol1/fastq/SRR151/005/SRR1518695/SRR1518695_1.fastq.gz;ftp.sra.ebi.ac.uk/vol1/fastq/SRR151/005/SRR1518695/SRR1518695_2.fastq.gz"
SRR1518696;"ftp.sra.ebi.ac.uk/vol1/fastq/SRR151/006/SRR1518696/SRR1518696_1.fastq.gz;ftp.sra.ebi.ac.uk/vol1/fastq/SRR151/006/SRR1518696/SRR1518696_2.fastq.gz"
SRR1518697;"ftp.sra.ebi.ac.uk/vol1/fastq/SRR151/007/SRR1518697/SRR1518697_1.fastq.gz;ftp.sra.ebi.ac.uk/vol1/fastq/SRR151/007/SRR1518697/SRR1518697_2.fastq.gz"
SRR1518698;"ftp.sra.ebi.ac.uk/vol1/fastq/SRR151/008/SRR1518698/SRR1518698_1.fastq.gz;ftp.sra.ebi.ac.uk/vol1/fastq/SRR151/008/SRR1518698/SRR1518698_2.fastq.gz"
SRR1518699;"ftp.sra.ebi.ac.uk/vol1/fastq/SRR151/009/SRR1518699/SRR1518699_1.fastq.gz;ftp.sra.ebi.ac.uk/vol1/fastq/SRR151/009/SRR1518699/SRR1518699_2.fastq.gz"
SRR1518700;"ftp.sra.ebi.ac.uk/vol1/fastq/SRR151/000/SRR1518700/SRR1518700_1.fastq.gz;ftp.sra.ebi.ac.uk/vol1/fastq/SRR151/000/SRR1518700/SRR1518700_2.fastq.gz"
SRR1518701;"ftp.sra.ebi.ac.uk/vol1/fastq/SRR151/001/SRR1518701/SRR1518701_1.fastq.gz;ftp.sra.ebi.ac.uk/vol1/fastq/SRR151/001/SRR1518701/SRR1518701_2.fastq.gz"
SRR1518702;"ftp.sra.ebi.ac.uk/vol1/fastq/SRR151/002/SRR1518702/SRR1518702_1.fastq.gz;ftp.sra.ebi.ac.uk/vol1/fastq/SRR151/002/SRR1518702/SRR1518702_2.fastq.gz"
SRR1518703;"ftp.sra.ebi.ac.uk/vol1/fastq/SRR151/003/SRR1518703/SRR1518703_1.fastq.gz;ftp.sra.ebi.ac.uk/vol1/fastq/SRR151/003/SRR1518703/SRR1518703_2.fastq.gz"
SRR1518704;"ftp.sra.ebi.ac.uk/vol1/fastq/SRR151/004/SRR1518704/SRR1518704_1.fastq.gz;ftp.sra.ebi.ac.uk/vol1/fastq/SRR151/004/SRR1518704/SRR1518704_2.fastq.gz"
SRR1518705;"ftp.sra.ebi.ac.uk/vol1/fastq/SRR151/005/SRR1518705/SRR1518705_1.fastq.gz;ftp.sra.ebi.ac.uk/vol1/fastq/SRR151/005/SRR1518705/SRR1518705_2.fastq.gz"
SRR1518706;"ftp.sra.ebi.ac.uk/vol1/fastq/SRR151/006/SRR1518706/SRR1518706_1.fastq.gz;ftp.sra.ebi.ac.uk/vol1/fastq/SRR151/006/SRR1518706/SRR1518706_2.fastq.gz"
SRR1518707;"ftp.sra.ebi.ac.uk/vol1/fastq/SRR151/007/SRR1518707/SRR1518707_1.fastq.gz;ftp.sra.ebi.ac.uk/vol1/fastq/SRR151/007/SRR1518707/SRR1518707_2.fastq.gz"
SRR1518708;"ftp.sra.ebi.ac.uk/vol1/fastq/SRR151/008/SRR1518708/SRR1518708_1.fastq.gz;ftp.sra.ebi.ac.uk/vol1/fastq/SRR151/008/SRR1518708/SRR1518708_2.fastq.gz"
SRR1518709;"ftp.sra.ebi.ac.uk/vol1/fastq/SRR151/009/SRR1518709/SRR1518709_1.fastq.gz;ftp.sra.ebi.ac.uk/vol1/fastq/SRR151/009/SRR1518709/SRR1518709_2.fastq.gz"
SRR1518710;"ftp.sra.ebi.ac.uk/vol1/fastq/SRR151/000/SRR1518710/SRR1518710_1.fastq.gz;ftp.sra.ebi.ac.uk/vol1/fastq/SRR151/000/SRR1518710/SRR1518710_2.fastq.gz"
SRR1518711;"ftp.sra.ebi.ac.uk/vol1/fastq/SRR151/001/SRR1518711/SRR1518711_1.fastq.gz;ftp.sra.ebi.ac.uk/vol1/fastq/SRR151/001/SRR1518711/SRR1518711_2.fastq.gz"
SRR1518712;"ftp.sra.ebi.ac.uk/vol1/fastq/SRR151/002/SRR1518712/SRR1518712_1.fastq.gz;ftp.sra.ebi.ac.uk/vol1/fastq/SRR151/002/SRR1518712/SRR1518712_2.fastq.gz"
SRR1518713;"ftp.sra.ebi.ac.uk/vol1/fastq/SRR151/003/SRR1518713/SRR1518713_1.fastq.gz;ftp.sra.ebi.ac.uk/vol1/fastq/SRR151/003/SRR1518713/SRR1518713_2.fastq.gz"
SRR1518714;"ftp.sra.ebi.ac.uk/vol1/fastq/SRR151/004/SRR1518714/SRR1518714_1.fastq.gz;ftp.sra.ebi.ac.uk/vol1/fastq/SRR151/004/SRR1518714/SRR1518714_2.fastq.gz"
SRR1518715;"ftp.sra.ebi.ac.uk/vol1/fastq/SRR151/005/SRR1518715/SRR1518715_1.fastq.gz;ftp.sra.ebi.ac.uk/vol1/fastq/SRR151/005/SRR1518715/SRR1518715_2.fastq.gz"
SRR1518716;"ftp.sra.ebi.ac.uk/vol1/fastq/SRR151/006/SRR1518716/SRR1518716_1.fastq.gz;ftp.sra.ebi.ac.uk/vol1/fastq/SRR151/006/SRR1518716/SRR1518716_2.fastq.gz"
SRR1518717;"ftp.sra.ebi.ac.uk/vol1/fastq/SRR151/007/SRR1518717/SRR1518717_1.fastq.gz;ftp.sra.ebi.ac.uk/vol1/fastq/SRR151/007/SRR1518717/SRR1518717_2.fastq.gz"
SRR1518718;"ftp.sra.ebi.ac.uk/vol1/fastq/SRR151/008/SRR1518718/SRR1518718_1.fastq.gz;ftp.sra.ebi.ac.uk/vol1/fastq/SRR151/008/SRR1518718/SRR1518718_2.fastq.gz"
SRR1518719;"ftp.sra.ebi.ac.uk/vol1/fastq/SRR151/009/SRR1518719/SRR1518719_1.fastq.gz;ftp.sra.ebi.ac.uk/vol1/fastq/SRR151/009/SRR1518719/SRR1518719_2.fastq.gz"
SRR1518720;"ftp.sra.ebi.ac.uk/vol1/fastq/SRR151/000/SRR1518720/SRR1518720_1.fastq.gz;ftp.sra.ebi.ac.uk/vol1/fastq/SRR151/000/SRR1518720/SRR1518720_2.fastq.gz"
SRR1518721;"ftp.sra.ebi.ac.uk/vol1/fastq/SRR151/001/SRR1518721/SRR1518721_1.fastq.gz;ftp.sra.ebi.ac.uk/vol1/fastq/SRR151/001/SRR1518721/SRR1518721_2.fastq.gz"
SRR1518722;"ftp.sra.ebi.ac.uk/vol1/fastq/SRR151/002/SRR1518722/SRR1518722_1.fastq.gz;ftp.sra.ebi.ac.uk/vol1/fastq/SRR151/002/SRR1518722/SRR1518722_2.fastq.gz"
SRR1518723;"ftp.sra.ebi.ac.uk/vol1/fastq/SRR151/003/SRR1518723/SRR1518723_1.fastq.gz;ftp.sra.ebi.ac.uk/vol1/fastq/SRR151/003/SRR1518723/SRR1518723_2.fastq.gz"
SRR1518724;"ftp.sra.ebi.ac.uk/vol1/fastq/SRR151/004/SRR1518724/SRR1518724_1.fastq.gz;ftp.sra.ebi.ac.uk/vol1/fastq/SRR151/004/SRR1518724/SRR1518724_2.fastq.gz"
SRR1518725;"ftp.sra.ebi.ac.uk/vol1/fastq/SRR151/005/SRR1518725/SRR1518725_1.fastq.gz;ftp.sra.ebi.ac.uk/vol1/fastq/SRR151/005/SRR1518725/SRR1518725_2.fastq.gz"
SRR1518726;"ftp.sra.ebi.ac.uk/vol1/fastq/SRR151/006/SRR1518726/SRR1518726_1.fastq.gz;ftp.sra.ebi.ac.uk/vol1/fastq/SRR151/006/SRR1518726/SRR1518726_2.fastq.gz"
SRR1518727;"ftp.sra.ebi.ac.uk/vol1/fastq/SRR151/007/SRR1518727/SRR1518727_1.fastq.gz;ftp.sra.ebi.ac.uk/vol1/fastq/SRR151/007/SRR1518727/SRR1518727_2.fastq.gz"
SRR1518728;"ftp.sra.ebi.ac.uk/vol1/fastq/SRR151/008/SRR1518728/SRR1518728_1.fastq.gz;ftp.sra.ebi.ac.uk/vol1/fastq/SRR151/008/SRR1518728/SRR1518728_2.fastq.gz"
SRR1518729;"ftp.sra.ebi.ac.uk/vol1/fastq/SRR151/009/SRR1518729/SRR1518729_1.fastq.gz;ftp.sra.ebi.ac.uk/vol1/fastq/SRR151/009/SRR1518729/SRR1518729_2.fastq.gz"
SRR1518730;"ftp.sra.ebi.ac.uk/vol1/fastq/SRR151/000/SRR1518730/SRR1518730_1.fastq.gz;ftp.sra.ebi.ac.uk/vol1/fastq/SRR151/000/SRR1518730/SRR1518730_2.fastq.gz"
SRR1518731;"ftp.sra.ebi.ac.uk/vol1/fastq/SRR151/001/SRR1518731/SRR1518731_1.fastq.gz;ftp.sra.ebi.ac.uk/vol1/fastq/SRR151/001/SRR1518731/SRR1518731_2.fastq.gz"
SRR1518732;"ftp.sra.ebi.ac.uk/vol1/fastq/SRR151/002/SRR1518732/SRR1518732_1.fastq.gz;ftp.sra.ebi.ac.uk/vol1/fastq/SRR151/002/SRR1518732/SRR1518732_2.fastq.gz"
SRR1518733;"ftp.sra.ebi.ac.uk/vol1/fastq/SRR151/003/SRR1518733/SRR1518733_1.fastq.gz;ftp.sra.ebi.ac.uk/vol1/fastq/SRR151/003/SRR1518733/SRR1518733_2.fastq.gz"
SRR1518734;"ftp.sra.ebi.ac.uk/vol1/fastq/SRR151/004/SRR1518734/SRR1518734_1.fastq.gz;ftp.sra.ebi.ac.uk/vol1/fastq/SRR151/004/SRR1518734/SRR1518734_2.fastq.gz"
SRR1518735;"ftp.sra.ebi.ac.uk/vol1/fastq/SRR151/005/SRR1518735/SRR1518735_1.fastq.gz;ftp.sra.ebi.ac.uk/vol1/fastq/SRR151/005/SRR1518735/SRR1518735_2.fastq.gz"
SRR1518736;"ftp.sra.ebi.ac.uk/vol1/fastq/SRR151/006/SRR1518736/SRR1518736_1.fastq.gz;ftp.sra.ebi.ac.uk/vol1/fastq/SRR151/006/SRR1518736/SRR1518736_2.fastq.gz"
SRR1518737;"ftp.sra.ebi.ac.uk/vol1/fastq/SRR151/007/SRR1518737/SRR1518737_1.fastq.gz;ftp.sra.ebi.ac.uk/vol1/fastq/SRR151/007/SRR1518737/SRR1518737_2.fastq.gz"
SRR1518738;"ftp.sra.ebi.ac.uk/vol1/fastq/SRR151/008/SRR1518738/SRR1518738_1.fastq.gz;ftp.sra.ebi.ac.uk/vol1/fastq/SRR151/008/SRR1518738/SRR1518738_2.fastq.gz"
SRR1518739;"ftp.sra.ebi.ac.uk/vol1/fastq/SRR151/009/SRR1518739/SRR1518739_1.fastq.gz;ftp.sra.ebi.ac.uk/vol1/fastq/SRR151/009/SRR1518739/SRR1518739_2.fastq.gz"
SRR1518740;"ftp.sra.ebi.ac.uk/vol1/fastq/SRR151/000/SRR1518740/SRR1518740_1.fastq.gz;ftp.sra.ebi.ac.uk/vol1/fastq/SRR151/000/SRR1518740/SRR1518740_2.fastq.gz"
SRR1518741;"ftp.sra.ebi.ac.uk/vol1/fastq/SRR151/001/SRR1518741/SRR1518741_1.fastq.gz;ftp.sra.ebi.ac.uk/vol1/fastq/SRR151/001/SRR1518741/SRR1518741_2.fastq.gz"
SRR1518742;"ftp.sra.ebi.ac.uk/vol1/fastq/SRR151/002/SRR1518742/SRR1518742_1.fastq.gz;ftp.sra.ebi.ac.uk/vol1/fastq/SRR151/002/SRR1518742/SRR1518742_2.fastq.gz"
SRR1518743;"ftp.sra.ebi.ac.uk/vol1/fastq/SRR151/003/SRR1518743/SRR1518743_1.fastq.gz;ftp.sra.ebi.ac.uk/vol1/fastq/SRR151/003/SRR1518743/SRR1518743_2.fastq.gz"
SRR1518744;"ftp.sra.ebi.ac.uk/vol1/fastq/SRR151/004/SRR1518744/SRR1518744_1.fastq.gz;ftp.sra.ebi.ac.uk/vol1/fastq/SRR151/004/SRR1518744/SRR1518744_2.fastq.gz"
SRR1518745;"ftp.sra.ebi.ac.uk/vol1/fastq/SRR151/005/SRR1518745/SRR1518745_1.fastq.gz;ftp.sra.ebi.ac.uk/vol1/fastq/SRR151/005/SRR1518745/SRR1518745_2.fastq.gz"
SRR1518746;"ftp.sra.ebi.ac.uk/vol1/fastq/SRR151/006/SRR1518746/SRR1518746_1.fastq.gz;ftp.sra.ebi.ac.uk/vol1/fastq/SRR151/006/SRR1518746/SRR1518746_2.fastq.gz"
SRR1518747;"ftp.sra.ebi.ac.uk/vol1/fastq/SRR151/007/SRR1518747/SRR1518747_1.fastq.gz;ftp.sra.ebi.ac.uk/vol1/fastq/SRR151/007/SRR1518747/SRR1518747_2.fastq.gz"
SRR1518748;"ftp.sra.ebi.ac.uk/vol1/fastq/SRR151/008/SRR1518748/SRR1518748_1.fastq.gz;ftp.sra.ebi.ac.uk/vol1/fastq/SRR151/008/SRR1518748/SRR1518748_2.fastq.gz"
SRR1518749;"ftp.sra.ebi.ac.uk/vol1/fastq/SRR151/009/SRR1518749/SRR1518749_1.fastq.gz;ftp.sra.ebi.ac.uk/vol1/fastq/SRR151/009/SRR1518749/SRR1518749_2.fastq.gz"
SRR1518750;"ftp.sra.ebi.ac.uk/vol1/fastq/SRR151/000/SRR1518750/SRR1518750_1.fastq.gz;ftp.sra.ebi.ac.uk/vol1/fastq/SRR151/000/SRR1518750/SRR1518750_2.fastq.gz"
SRR1518751;"ftp.sra.ebi.ac.uk/vol1/fastq/SRR151/001/SRR1518751/SRR1518751_1.fastq.gz;ftp.sra.ebi.ac.uk/vol1/fastq/SRR151/001/SRR1518751/SRR1518751_2.fastq.gz"
SRR1518752;"ftp.sra.ebi.ac.uk/vol1/fastq/SRR151/002/SRR1518752/SRR1518752_1.fastq.gz;ftp.sra.ebi.ac.uk/vol1/fastq/SRR151/002/SRR1518752/SRR1518752_2.fastq.gz"
SRR1518753;"ftp.sra.ebi.ac.uk/vol1/fastq/SRR151/003/SRR1518753/SRR1518753_1.fastq.gz;ftp.sra.ebi.ac.uk/vol1/fastq/SRR151/003/SRR1518753/SRR1518753_2.fastq.gz"
SRR1518754;"ftp.sra.ebi.ac.uk/vol1/fastq/SRR151/004/SRR1518754/SRR1518754_1.fastq.gz;ftp.sra.ebi.ac.uk/vol1/fastq/SRR151/004/SRR1518754/SRR1518754_2.fastq.gz"
SRR1518755;"ftp.sra.ebi.ac.uk/vol1/fastq/SRR151/005/SRR1518755/SRR1518755_1.fastq.gz;ftp.sra.ebi.ac.uk/vol1/fastq/SRR151/005/SRR1518755/SRR1518755_2.fastq.gz"
SRR1518756;"ftp.sra.ebi.ac.uk/vol1/fastq/SRR151/006/SRR1518756/SRR1518756_1.fastq.gz;ftp.sra.ebi.ac.uk/vol1/fastq/SRR151/006/SRR1518756/SRR1518756_2.fastq.gz"
SRR1518757;"ftp.sra.ebi.ac.uk/vol1/fastq/SRR151/007/SRR1518757/SRR1518757_1.fastq.gz;ftp.sra.ebi.ac.uk/vol1/fastq/SRR151/007/SRR1518757/SRR1518757_2.fastq.gz"
SRR1518758;"ftp.sra.ebi.ac.uk/vol1/fastq/SRR151/008/SRR1518758/SRR1518758_1.fastq.gz;ftp.sra.ebi.ac.uk/vol1/fastq/SRR151/008/SRR1518758/SRR1518758_2.fastq.gz"
SRR1518759;"ftp.sra.ebi.ac.uk/vol1/fastq/SRR151/009/SRR1518759/SRR1518759_1.fastq.gz;ftp.sra.ebi.ac.uk/vol1/fastq/SRR151/009/SRR1518759/SRR1518759_2.fastq.gz"
SRR1518760;"ftp.sra.ebi.ac.uk/vol1/fastq/SRR151/000/SRR1518760/SRR1518760_1.fastq.gz;ftp.sra.ebi.ac.uk/vol1/fastq/SRR151/000/SRR1518760/SRR1518760_2.fastq.gz"
SRR1518761;"ftp.sra.ebi.ac.uk/vol1/fastq/SRR151/001/SRR1518761/SRR1518761_1.fastq.gz;ftp.sra.ebi.ac.uk/vol1/fastq/SRR151/001/SRR1518761/SRR1518761_2.fastq.gz"
SRR1518762;"ftp.sra.ebi.ac.uk/vol1/fastq/SRR151/002/SRR1518762/SRR1518762_1.fastq.gz;ftp.sra.ebi.ac.uk/vol1/fastq/SRR151/002/SRR1518762/SRR1518762_2.fastq.gz"
SRR1518763;"ftp.sra.ebi.ac.uk/vol1/fastq/SRR151/003/SRR1518763/SRR1518763_1.fastq.gz;ftp.sra.ebi.ac.uk/vol1/fastq/SRR151/003/SRR1518763/SRR1518763_2.fastq.gz"
SRR1518764;"ftp.sra.ebi.ac.uk/vol1/fastq/SRR151/004/SRR1518764/SRR1518764_1.fastq.gz;ftp.sra.ebi.ac.uk/vol1/fastq/SRR151/004/SRR1518764/SRR1518764_2.fastq.gz"
SRR1518765;"ftp.sra.ebi.ac.uk/vol1/fastq/SRR151/005/SRR1518765/SRR1518765_1.fastq.gz;ftp.sra.ebi.ac.uk/vol1/fastq/SRR151/005/SRR1518765/SRR1518765_2.fastq.gz"
SRR1518766;"ftp.sra.ebi.ac.uk/vol1/fastq/SRR151/006/SRR1518766/SRR1518766_1.fastq.gz;ftp.sra.ebi.ac.uk/vol1/fastq/SRR151/006/SRR1518766/SRR1518766_2.fastq.gz"
SRR1518767;"ftp.sra.ebi.ac.uk/vol1/fastq/SRR151/007/SRR1518767/SRR1518767_1.fastq.gz;ftp.sra.ebi.ac.uk/vol1/fastq/SRR151/007/SRR1518767/SRR1518767_2.fastq.gz"
SRR1518768;"ftp.sra.ebi.ac.uk/vol1/fastq/SRR151/008/SRR1518768/SRR1518768_1.fastq.gz;ftp.sra.ebi.ac.uk/vol1/fastq/SRR151/008/SRR1518768/SRR1518768_2.fastq.gz"
SRR1518769;"ftp.sra.ebi.ac.uk/vol1/fastq/SRR151/009/SRR1518769/SRR1518769_1.fastq.gz;ftp.sra.ebi.ac.uk/vol1/fastq/SRR151/009/SRR1518769/SRR1518769_2.fastq.gz"
SRR1518770;"ftp.sra.ebi.ac.uk/vol1/fastq/SRR151/000/SRR1518770/SRR1518770_1.fastq.gz;ftp.sra.ebi.ac.uk/vol1/fastq/SRR151/000/SRR1518770/SRR1518770_2.fastq.gz"
SRR1518771;"ftp.sra.ebi.ac.uk/vol1/fastq/SRR151/001/SRR1518771/SRR1518771_1.fastq.gz;ftp.sra.ebi.ac.uk/vol1/fastq/SRR151/001/SRR1518771/SRR1518771_2.fastq.gz"
SRR1518772;"ftp.sra.ebi.ac.uk/vol1/fastq/SRR151/002/SRR1518772/SRR1518772_1.fastq.gz;ftp.sra.ebi.ac.uk/vol1/fastq/SRR151/002/SRR1518772/SRR1518772_2.fastq.gz"
SRR1518773;"ftp.sra.ebi.ac.uk/vol1/fastq/SRR151/003/SRR1518773/SRR1518773_1.fastq.gz;ftp.sra.ebi.ac.uk/vol1/fastq/SRR151/003/SRR1518773/SRR1518773_2.fastq.gz"
SRR1518774;"ftp.sra.ebi.ac.uk/vol1/fastq/SRR151/004/SRR1518774/SRR1518774_1.fastq.gz;ftp.sra.ebi.ac.uk/vol1/fastq/SRR151/004/SRR1518774/SRR1518774_2.fastq.gz"
SRR1518775;"ftp.sra.ebi.ac.uk/vol1/fastq/SRR151/005/SRR1518775/SRR1518775_1.fastq.gz;ftp.sra.ebi.ac.uk/vol1/fastq/SRR151/005/SRR1518775/SRR1518775_2.fastq.gz"
SRR1518776;"ftp.sra.ebi.ac.uk/vol1/fastq/SRR151/006/SRR1518776/SRR1518776_1.fastq.gz;ftp.sra.ebi.ac.uk/vol1/fastq/SRR151/006/SRR1518776/SRR1518776_2.fastq.gz"
SRR1518777;"ftp.sra.ebi.ac.uk/vol1/fastq/SRR151/007/SRR1518777/SRR1518777_1.fastq.gz;ftp.sra.ebi.ac.uk/vol1/fastq/SRR151/007/SRR1518777/SRR1518777_2.fastq.gz"
SRR1518778;"ftp.sra.ebi.ac.uk/vol1/fastq/SRR151/008/SRR1518778/SRR1518778_1.fastq.gz;ftp.sra.ebi.ac.uk/vol1/fastq/SRR151/008/SRR1518778/SRR1518778_2.fastq.gz"
SRR1518779;"ftp.sra.ebi.ac.uk/vol1/fastq/SRR151/009/SRR1518779/SRR1518779_1.fastq.gz;ftp.sra.ebi.ac.uk/vol1/fastq/SRR151/009/SRR1518779/SRR1518779_2.fastq.gz"
SRR1518780;"ftp.sra.ebi.ac.uk/vol1/fastq/SRR151/000/SRR1518780/SRR1518780_1.fastq.gz;ftp.sra.ebi.ac.uk/vol1/fastq/SRR151/000/SRR1518780/SRR1518780_2.fastq.gz"
SRR1518781;"ftp.sra.ebi.ac.uk/vol1/fastq/SRR151/001/SRR1518781/SRR1518781_1.fastq.gz;ftp.sra.ebi.ac.uk/vol1/fastq/SRR151/001/SRR1518781/SRR1518781_2.fastq.gz"
SRR1518782;"ftp.sra.ebi.ac.uk/vol1/fastq/SRR151/002/SRR1518782/SRR1518782_1.fastq.gz;ftp.sra.ebi.ac.uk/vol1/fastq/SRR151/002/SRR1518782/SRR1518782_2.fastq.gz"
SRR1518783;"ftp.sra.ebi.ac.uk/vol1/fastq/SRR151/003/SRR1518783/SRR1518783_1.fastq.gz;ftp.sra.ebi.ac.uk/vol1/fastq/SRR151/003/SRR1518783/SRR1518783_2.fastq.gz"
SRR1518784;"ftp.sra.ebi.ac.uk/vol1/fastq/SRR151/004/SRR1518784/SRR1518784_1.fastq.gz;ftp.sra.ebi.ac.uk/vol1/fastq/SRR151/004/SRR1518784/SRR1518784_2.fastq.gz"
SRR1518785;"ftp.sra.ebi.ac.uk/vol1/fastq/SRR151/005/SRR1518785/SRR1518785_1.fastq.gz;ftp.sra.ebi.ac.uk/vol1/fastq/SRR151/005/SRR1518785/SRR1518785_2.fastq.gz"
SRR1518786;"ftp.sra.ebi.ac.uk/vol1/fastq/SRR151/006/SRR1518786/SRR1518786_1.fastq.gz;ftp.sra.ebi.ac.uk/vol1/fastq/SRR151/006/SRR1518786/SRR1518786_2.fastq.gz"
SRR1518787;"ftp.sra.ebi.ac.uk/vol1/fastq/SRR151/007/SRR1518787/SRR1518787_1.fastq.gz;ftp.sra.ebi.ac.uk/vol1/fastq/SRR151/007/SRR1518787/SRR1518787_2.fastq.gz"
SRR1518788;"ftp.sra.ebi.ac.uk/vol1/fastq/SRR151/008/SRR1518788/SRR1518788_1.fastq.gz;ftp.sra.ebi.ac.uk/vol1/fastq/SRR151/008/SRR1518788/SRR1518788_2.fastq.gz"
SRR1518789;"ftp.sra.ebi.ac.uk/vol1/fastq/SRR151/009/SRR1518789/SRR1518789_1.fastq.gz;ftp.sra.ebi.ac.uk/vol1/fastq/SRR151/009/SRR1518789/SRR1518789_2.fastq.gz"
SRR1518790;"ftp.sra.ebi.ac.uk/vol1/fastq/SRR151/000/SRR1518790/SRR1518790_1.fastq.gz;ftp.sra.ebi.ac.uk/vol1/fastq/SRR151/000/SRR1518790/SRR1518790_2.fastq.gz"
SRR1518791;"ftp.sra.ebi.ac.uk/vol1/fastq/SRR151/001/SRR1518791/SRR1518791_1.fastq.gz;ftp.sra.ebi.ac.uk/vol1/fastq/SRR151/001/SRR1518791/SRR1518791_2.fastq.gz"
SRR1518792;"ftp.sra.ebi.ac.uk/vol1/fastq/SRR151/002/SRR1518792/SRR1518792_1.fastq.gz;ftp.sra.ebi.ac.uk/vol1/fastq/SRR151/002/SRR1518792/SRR1518792_2.fastq.gz"
SRR1518793;"ftp.sra.ebi.ac.uk/vol1/fastq/SRR151/003/SRR1518793/SRR1518793_1.fastq.gz;ftp.sra.ebi.ac.uk/vol1/fastq/SRR151/003/SRR1518793/SRR1518793_2.fastq.gz"
SRR1518794;"ftp.sra.ebi.ac.uk/vol1/fastq/SRR151/004/SRR1518794/SRR1518794_1.fastq.gz;ftp.sra.ebi.ac.uk/vol1/fastq/SRR151/004/SRR1518794/SRR1518794_2.fastq.gz"
SRR1518795;"ftp.sra.ebi.ac.uk/vol1/fastq/SRR151/005/SRR1518795/SRR1518795_1.fastq.gz;ftp.sra.ebi.ac.uk/vol1/fastq/SRR151/005/SRR1518795/SRR1518795_2.fastq.gz"
SRR1518796;"ftp.sra.ebi.ac.uk/vol1/fastq/SRR151/006/SRR1518796/SRR1518796_1.fastq.gz;ftp.sra.ebi.ac.uk/vol1/fastq/SRR151/006/SRR1518796/SRR1518796_2.fastq.gz"
SRR1518797;"ftp.sra.ebi.ac.uk/vol1/fastq/SRR151/007/SRR1518797/SRR1518797_1.fastq.gz;ftp.sra.ebi.ac.uk/vol1/fastq/SRR151/007/SRR1518797/SRR1518797_2.fastq.gz"
SRR1518798;"ftp.sra.ebi.ac.uk/vol1/fastq/SRR151/008/SRR1518798/SRR1518798_1.fastq.gz;ftp.sra.ebi.ac.uk/vol1/fastq/SRR151/008/SRR1518798/SRR1518798_2.fastq.gz"
SRR1518799;"ftp.sra.ebi.ac.uk/vol1/fastq/SRR151/009/SRR1518799/SRR1518799_1.fastq.gz;ftp.sra.ebi.ac.uk/vol1/fastq/SRR151/009/SRR1518799/SRR1518799_2.fastq.gz"
SRR1518800;"ftp.sra.ebi.ac.uk/vol1/fastq/SRR151/000/SRR1518800/SRR1518800_1.fastq.gz;ftp.sra.ebi.ac.uk/vol1/fastq/SRR151/000/SRR1518800/SRR1518800_2.fastq.gz"
SRR1518801;"ftp.sra.ebi.ac.uk/vol1/fastq/SRR151/001/SRR1518801/SRR1518801_1.fastq.gz;ftp.sra.ebi.ac.uk/vol1/fastq/SRR151/001/SRR1518801/SRR1518801_2.fastq.gz"
SRR1518802;"ftp.sra.ebi.ac.uk/vol1/fastq/SRR151/002/SRR1518802/SRR1518802_1.fastq.gz;ftp.sra.ebi.ac.uk/vol1/fastq/SRR151/002/SRR1518802/SRR1518802_2.fastq.gz"
SRR1518803;"ftp.sra.ebi.ac.uk/vol1/fastq/SRR151/003/SRR1518803/SRR1518803_1.fastq.gz;ftp.sra.ebi.ac.uk/vol1/fastq/SRR151/003/SRR1518803/SRR1518803_2.fastq.gz"
SRR1518804;"ftp.sra.ebi.ac.uk/vol1/fastq/SRR151/004/SRR1518804/SRR1518804_1.fastq.gz;ftp.sra.ebi.ac.uk/vol1/fastq/SRR151/004/SRR1518804/SRR1518804_2.fastq.gz"
SRR1518805;"ftp.sra.ebi.ac.uk/vol1/fastq/SRR151/005/SRR1518805/SRR1518805_1.fastq.gz;ftp.sra.ebi.ac.uk/vol1/fastq/SRR151/005/SRR1518805/SRR1518805_2.fastq.gz"
SRR1518806;"ftp.sra.ebi.ac.uk/vol1/fastq/SRR151/006/SRR1518806/SRR1518806_1.fastq.gz;ftp.sra.ebi.ac.uk/vol1/fastq/SRR151/006/SRR1518806/SRR1518806_2.fastq.gz"
SRR1518807;"ftp.sra.ebi.ac.uk/vol1/fastq/SRR151/007/SRR1518807/SRR1518807_1.fastq.gz;ftp.sra.ebi.ac.uk/vol1/fastq/SRR151/007/SRR1518807/SRR1518807_2.fastq.gz"
SRR1518808;"ftp.sra.ebi.ac.uk/vol1/fastq/SRR151/008/SRR1518808/SRR1518808_1.fastq.gz;ftp.sra.ebi.ac.uk/vol1/fastq/SRR151/008/SRR1518808/SRR1518808_2.fastq.gz"
SRR1518809;"ftp.sra.ebi.ac.uk/vol1/fastq/SRR151/009/SRR1518809/SRR1518809_1.fastq.gz;ftp.sra.ebi.ac.uk/vol1/fastq/SRR151/009/SRR1518809/SRR1518809_2.fastq.gz"
SRR1518810;"ftp.sra.ebi.ac.uk/vol1/fastq/SRR151/000/SRR1518810/SRR1518810_1.fastq.gz;ftp.sra.ebi.ac.uk/vol1/fastq/SRR151/000/SRR1518810/SRR1518810_2.fastq.gz"
SRR1518811;"ftp.sra.ebi.ac.uk/vol1/fastq/SRR151/001/SRR1518811/SRR1518811_1.fastq.gz;ftp.sra.ebi.ac.uk/vol1/fastq/SRR151/001/SRR1518811/SRR1518811_2.fastq.gz"
SRR1518812;"ftp.sra.ebi.ac.uk/vol1/fastq/SRR151/002/SRR1518812/SRR1518812_1.fastq.gz;ftp.sra.ebi.ac.uk/vol1/fastq/SRR151/002/SRR1518812/SRR1518812_2.fastq.gz"
SRR1518813;"ftp.sra.ebi.ac.uk/vol1/fastq/SRR151/003/SRR1518813/SRR1518813_1.fastq.gz;ftp.sra.ebi.ac.uk/vol1/fastq/SRR151/003/SRR1518813/SRR1518813_2.fastq.gz"
SRR1518814;"ftp.sra.ebi.ac.uk/vol1/fastq/SRR151/004/SRR1518814/SRR1518814_1.fastq.gz;ftp.sra.ebi.ac.uk/vol1/fastq/SRR151/004/SRR1518814/SRR1518814_2.fastq.gz"
SRR1518815;"ftp.sra.ebi.ac.uk/vol1/fastq/SRR151/005/SRR1518815/SRR1518815_1.fastq.gz;ftp.sra.ebi.ac.uk/vol1/fastq/SRR151/005/SRR1518815/SRR1518815_2.fastq.gz"
SRR1518816;"ftp.sra.ebi.ac.uk/vol1/fastq/SRR151/006/SRR1518816/SRR1518816_1.fastq.gz;ftp.sra.ebi.ac.uk/vol1/fastq/SRR151/006/SRR1518816/SRR1518816_2.fastq.gz"
SRR1518817;"ftp.sra.ebi.ac.uk/vol1/fastq/SRR151/007/SRR1518817/SRR1518817_1.fastq.gz;ftp.sra.ebi.ac.uk/vol1/fastq/SRR151/007/SRR1518817/SRR1518817_2.fastq.gz"
SRR1518818;"ftp.sra.ebi.ac.uk/vol1/fastq/SRR151/008/SRR1518818/SRR1518818_1.fastq.gz;ftp.sra.ebi.ac.uk/vol1/fastq/SRR151/008/SRR1518818/SRR1518818_2.fastq.gz"
SRR1518819;"ftp.sra.ebi.ac.uk/vol1/fastq/SRR151/009/SRR1518819/SRR1518819_1.fastq.gz;ftp.sra.ebi.ac.uk/vol1/fastq/SRR151/009/SRR1518819/SRR1518819_2.fastq.gz"
SRR1518820;"ftp.sra.ebi.ac.uk/vol1/fastq/SRR151/000/SRR1518820/SRR1518820_1.fastq.gz;ftp.sra.ebi.ac.uk/vol1/fastq/SRR151/000/SRR1518820/SRR1518820_2.fastq.gz"
SRR1518821;"ftp.sra.ebi.ac.uk/vol1/fastq/SRR151/001/SRR1518821/SRR1518821_1.fastq.gz;ftp.sra.ebi.ac.uk/vol1/fastq/SRR151/001/SRR1518821/SRR1518821_2.fastq.gz"
SRR1518822;"ftp.sra.ebi.ac.uk/vol1/fastq/SRR151/002/SRR1518822/SRR1518822_1.fastq.gz;ftp.sra.ebi.ac.uk/vol1/fastq/SRR151/002/SRR1518822/SRR1518822_2.fastq.gz"
SRR1518823;"ftp.sra.ebi.ac.uk/vol1/fastq/SRR151/003/SRR1518823/SRR1518823_1.fastq.gz;ftp.sra.ebi.ac.uk/vol1/fastq/SRR151/003/SRR1518823/SRR1518823_2.fastq.gz"
SRR1518824;"ftp.sra.ebi.ac.uk/vol1/fastq/SRR151/004/SRR1518824/SRR1518824_1.fastq.gz;ftp.sra.ebi.ac.uk/vol1/fastq/SRR151/004/SRR1518824/SRR1518824_2.fastq.gz"
SRR1518825;"ftp.sra.ebi.ac.uk/vol1/fastq/SRR151/005/SRR1518825/SRR1518825_1.fastq.gz;ftp.sra.ebi.ac.uk/vol1/fastq/SRR151/005/SRR1518825/SRR1518825_2.fastq.gz"
SRR1518826;"ftp.sra.ebi.ac.uk/vol1/fastq/SRR151/006/SRR1518826/SRR1518826_1.fastq.gz;ftp.sra.ebi.ac.uk/vol1/fastq/SRR151/006/SRR1518826/SRR1518826_2.fastq.gz"
SRR1518827;"ftp.sra.ebi.ac.uk/vol1/fastq/SRR151/007/SRR1518827/SRR1518827_1.fastq.gz;ftp.sra.ebi.ac.uk/vol1/fastq/SRR151/007/SRR1518827/SRR1518827_2.fastq.gz"
SRR1518828;"ftp.sra.ebi.ac.uk/vol1/fastq/SRR151/008/SRR1518828/SRR1518828_1.fastq.gz;ftp.sra.ebi.ac.uk/vol1/fastq/SRR151/008/SRR1518828/SRR1518828_2.fastq.gz"
SRR1518829;"ftp.sra.ebi.ac.uk/vol1/fastq/SRR151/009/SRR1518829/SRR1518829_1.fastq.gz;ftp.sra.ebi.ac.uk/vol1/fastq/SRR151/009/SRR1518829/SRR1518829_2.fastq.gz"
SRR1518830;"ftp.sra.ebi.ac.uk/vol1/fastq/SRR151/000/SRR1518830/SRR1518830_1.fastq.gz;ftp.sra.ebi.ac.uk/vol1/fastq/SRR151/000/SRR1518830/SRR1518830_2.fastq.gz"
SRR1518831;"ftp.sra.ebi.ac.uk/vol1/fastq/SRR151/001/SRR1518831/SRR1518831_1.fastq.gz;ftp.sra.ebi.ac.uk/vol1/fastq/SRR151/001/SRR1518831/SRR1518831_2.fastq.gz"
SRR1518832;"ftp.sra.ebi.ac.uk/vol1/fastq/SRR151/002/SRR1518832/SRR1518832_1.fastq.gz;ftp.sra.ebi.ac.uk/vol1/fastq/SRR151/002/SRR1518832/SRR1518832_2.fastq.gz"
SRR1518833;"ftp.sra.ebi.ac.uk/vol1/fastq/SRR151/003/SRR1518833/SRR1518833_1.fastq.gz;ftp.sra.ebi.ac.uk/vol1/fastq/SRR151/003/SRR1518833/SRR1518833_2.fastq.gz"
SRR1518834;"ftp.sra.ebi.ac.uk/vol1/fastq/SRR151/004/SRR1518834/SRR1518834_1.fastq.gz;ftp.sra.ebi.ac.uk/vol1/fastq/SRR151/004/SRR1518834/SRR1518834_2.fastq.gz"
SRR1518835;"ftp.sra.ebi.ac.uk/vol1/fastq/SRR151/005/SRR1518835/SRR1518835_1.fastq.gz;ftp.sra.ebi.ac.uk/vol1/fastq/SRR151/005/SRR1518835/SRR1518835_2.fastq.gz"
SRR1518836;"ftp.sra.ebi.ac.uk/vol1/fastq/SRR151/006/SRR1518836/SRR1518836_1.fastq.gz;ftp.sra.ebi.ac.uk/vol1/fastq/SRR151/006/SRR1518836/SRR1518836_2.fastq.gz"
SRR1518837;"ftp.sra.ebi.ac.uk/vol1/fastq/SRR151/007/SRR1518837/SRR1518837_1.fastq.gz;ftp.sra.ebi.ac.uk/vol1/fastq/SRR151/007/SRR1518837/SRR1518837_2.fastq.gz"
SRR1518838;"ftp.sra.ebi.ac.uk/vol1/fastq/SRR151/008/SRR1518838/SRR1518838_1.fastq.gz;ftp.sra.ebi.ac.uk/vol1/fastq/SRR151/008/SRR1518838/SRR1518838_2.fastq.gz"
SRR1518839;"ftp.sra.ebi.ac.uk/vol1/fastq/SRR151/009/SRR1518839/SRR1518839_1.fastq.gz;ftp.sra.ebi.ac.uk/vol1/fastq/SRR151/009/SRR1518839/SRR1518839_2.fastq.gz"
SRR1518840;"ftp.sra.ebi.ac.uk/vol1/fastq/SRR151/000/SRR1518840/SRR1518840_1.fastq.gz;ftp.sra.ebi.ac.uk/vol1/fastq/SRR151/000/SRR1518840/SRR1518840_2.fastq.gz"
SRR1518841;"ftp.sra.ebi.ac.uk/vol1/fastq/SRR151/001/SRR1518841/SRR1518841_1.fastq.gz;ftp.sra.ebi.ac.uk/vol1/fastq/SRR151/001/SRR1518841/SRR1518841_2.fastq.gz"
SRR1518842;"ftp.sra.ebi.ac.uk/vol1/fastq/SRR151/002/SRR1518842/SRR1518842_1.fastq.gz;ftp.sra.ebi.ac.uk/vol1/fastq/SRR151/002/SRR1518842/SRR1518842_2.fastq.gz"
SRR1518843;"ftp.sra.ebi.ac.uk/vol1/fastq/SRR151/003/SRR1518843/SRR1518843_1.fastq.gz;ftp.sra.ebi.ac.uk/vol1/fastq/SRR151/003/SRR1518843/SRR1518843_2.fastq.gz"
SRR1518844;"ftp.sra.ebi.ac.uk/vol1/fastq/SRR151/004/SRR1518844/SRR1518844_1.fastq.gz;ftp.sra.ebi.ac.uk/vol1/fastq/SRR151/004/SRR1518844/SRR1518844_2.fastq.gz"
SRR1518845;"ftp.sra.ebi.ac.uk/vol1/fastq/SRR151/005/SRR1518845/SRR1518845_1.fastq.gz;ftp.sra.ebi.ac.uk/vol1/fastq/SRR151/005/SRR1518845/SRR1518845_2.fastq.gz"
SRR1518846;"ftp.sra.ebi.ac.uk/vol1/fastq/SRR151/006/SRR1518846/SRR1518846_1.fastq.gz;ftp.sra.ebi.ac.uk/vol1/fastq/SRR151/006/SRR1518846/SRR1518846_2.fastq.gz"
SRR1518847;"ftp.sra.ebi.ac.uk/vol1/fastq/SRR151/007/SRR1518847/SRR1518847_1.fastq.gz;ftp.sra.ebi.ac.uk/vol1/fastq/SRR151/007/SRR1518847/SRR1518847_2.fastq.gz"
SRR1518848;"ftp.sra.ebi.ac.uk/vol1/fastq/SRR151/008/SRR1518848/SRR1518848_1.fastq.gz;ftp.sra.ebi.ac.uk/vol1/fastq/SRR151/008/SRR1518848/SRR1518848_2.fastq.gz"
SRR1518849;"ftp.sra.ebi.ac.uk/vol1/fastq/SRR151/009/SRR1518849/SRR1518849_1.fastq.gz;ftp.sra.ebi.ac.uk/vol1/fastq/SRR151/009/SRR1518849/SRR1518849_2.fastq.gz"
SRR1518850;"ftp.sra.ebi.ac.uk/vol1/fastq/SRR151/000/SRR1518850/SRR1518850_1.fastq.gz;ftp.sra.ebi.ac.uk/vol1/fastq/SRR151/000/SRR1518850/SRR1518850_2.fastq.gz"
SRR1518851;"ftp.sra.ebi.ac.uk/vol1/fastq/SRR151/001/SRR1518851/SRR1518851_1.fastq.gz;ftp.sra.ebi.ac.uk/vol1/fastq/SRR151/001/SRR1518851/SRR1518851_2.fastq.gz"
SRR1518852;"ftp.sra.ebi.ac.uk/vol1/fastq/SRR151/002/SRR1518852/SRR1518852_1.fastq.gz;ftp.sra.ebi.ac.uk/vol1/fastq/SRR151/002/SRR1518852/SRR1518852_2.fastq.gz"
SRR1518853;"ftp.sra.ebi.ac.uk/vol1/fastq/SRR151/003/SRR1518853/SRR1518853_1.fastq.gz;ftp.sra.ebi.ac.uk/vol1/fastq/SRR151/003/SRR1518853/SRR1518853_2.fastq.gz"
SRR1518854;"ftp.sra.ebi.ac.uk/vol1/fastq/SRR151/004/SRR1518854/SRR1518854_1.fastq.gz;ftp.sra.ebi.ac.uk/vol1/fastq/SRR151/004/SRR1518854/SRR1518854_2.fastq.gz"
SRR1518855;"ftp.sra.ebi.ac.uk/vol1/fastq/SRR151/005/SRR1518855/SRR1518855_1.fastq.gz;ftp.sra.ebi.ac.uk/vol1/fastq/SRR151/005/SRR1518855/SRR1518855_2.fastq.gz"
SRR1518856;"ftp.sra.ebi.ac.uk/vol1/fastq/SRR151/006/SRR1518856/SRR1518856_1.fastq.gz;ftp.sra.ebi.ac.uk/vol1/fastq/SRR151/006/SRR1518856/SRR1518856_2.fastq.gz"
SRR1518857;"ftp.sra.ebi.ac.uk/vol1/fastq/SRR151/007/SRR1518857/SRR1518857_1.fastq.gz;ftp.sra.ebi.ac.uk/vol1/fastq/SRR151/007/SRR1518857/SRR1518857_2.fastq.gz"
SRR1518858;"ftp.sra.ebi.ac.uk/vol1/fastq/SRR151/008/SRR1518858/SRR1518858_1.fastq.gz;ftp.sra.ebi.ac.uk/vol1/fastq/SRR151/008/SRR1518858/SRR1518858_2.fastq.gz"
SRR1518859;"ftp.sra.ebi.ac.uk/vol1/fastq/SRR151/009/SRR1518859/SRR1518859_1.fastq.gz;ftp.sra.ebi.ac.uk/vol1/fastq/SRR151/009/SRR1518859/SRR1518859_2.fastq.gz"
SRR1518860;"ftp.sra.ebi.ac.uk/vol1/fastq/SRR151/000/SRR1518860/SRR1518860_1.fastq.gz;ftp.sra.ebi.ac.uk/vol1/fastq/SRR151/000/SRR1518860/SRR1518860_2.fastq.gz"
SRR1518861;"ftp.sra.ebi.ac.uk/vol1/fastq/SRR151/001/SRR1518861/SRR1518861_1.fastq.gz;ftp.sra.ebi.ac.uk/vol1/fastq/SRR151/001/SRR1518861/SRR1518861_2.fastq.gz"
SRR1518862;"ftp.sra.ebi.ac.uk/vol1/fastq/SRR151/002/SRR1518862/SRR1518862_1.fastq.gz;ftp.sra.ebi.ac.uk/vol1/fastq/SRR151/002/SRR1518862/SRR1518862_2.fastq.gz"
SRR1518863;"ftp.sra.ebi.ac.uk/vol1/fastq/SRR151/003/SRR1518863/SRR1518863_1.fastq.gz;ftp.sra.ebi.ac.uk/vol1/fastq/SRR151/003/SRR1518863/SRR1518863_2.fastq.gz"
SRR1518864;"ftp.sra.ebi.ac.uk/vol1/fastq/SRR151/004/SRR1518864/SRR1518864_1.fastq.gz;ftp.sra.ebi.ac.uk/vol1/fastq/SRR151/004/SRR1518864/SRR1518864_2.fastq.gz"
SRR1518865;"ftp.sra.ebi.ac.uk/vol1/fastq/SRR151/005/SRR1518865/SRR1518865_1.fastq.gz;ftp.sra.ebi.ac.uk/vol1/fastq/SRR151/005/SRR1518865/SRR1518865_2.fastq.gz"
SRR1518866;"ftp.sra.ebi.ac.uk/vol1/fastq/SRR151/006/SRR1518866/SRR1518866_1.fastq.gz;ftp.sra.ebi.ac.uk/vol1/fastq/SRR151/006/SRR1518866/SRR1518866_2.fastq.gz"
SRR1518867;"ftp.sra.ebi.ac.uk/vol1/fastq/SRR151/007/SRR1518867/SRR1518867_1.fastq.gz;ftp.sra.ebi.ac.uk/vol1/fastq/SRR151/007/SRR1518867/SRR1518867_2.fastq.gz"
SRR1518868;"ftp.sra.ebi.ac.uk/vol1/fastq/SRR151/008/SRR1518868/SRR1518868_1.fastq.gz;ftp.sra.ebi.ac.uk/vol1/fastq/SRR151/008/SRR1518868/SRR1518868_2.fastq.gz"
SRR1518869;"ftp.sra.ebi.ac.uk/vol1/fastq/SRR151/009/SRR1518869/SRR1518869_1.fastq.gz;ftp.sra.ebi.ac.uk/vol1/fastq/SRR151/009/SRR1518869/SRR1518869_2.fastq.gz"
SRR1518870;"ftp.sra.ebi.ac.uk/vol1/fastq/SRR151/000/SRR1518870/SRR1518870_1.fastq.gz;ftp.sra.ebi.ac.uk/vol1/fastq/SRR151/000/SRR1518870/SRR1518870_2.fastq.gz"
SRR1518871;"ftp.sra.ebi.ac.uk/vol1/fastq/SRR151/001/SRR1518871/SRR1518871_1.fastq.gz;ftp.sra.ebi.ac.uk/vol1/fastq/SRR151/001/SRR1518871/SRR1518871_2.fastq.gz"
SRR1518872;"ftp.sra.ebi.ac.uk/vol1/fastq/SRR151/002/SRR1518872/SRR1518872_1.fastq.gz;ftp.sra.ebi.ac.uk/vol1/fastq/SRR151/002/SRR1518872/SRR1518872_2.fastq.gz"
SRR1518873;"ftp.sra.ebi.ac.uk/vol1/fastq/SRR151/003/SRR1518873/SRR1518873_1.fastq.gz;ftp.sra.ebi.ac.uk/vol1/fastq/SRR151/003/SRR1518873/SRR1518873_2.fastq.gz"
SRR1518874;"ftp.sra.ebi.ac.uk/vol1/fastq/SRR151/004/SRR1518874/SRR1518874_1.fastq.gz;ftp.sra.ebi.ac.uk/vol1/fastq/SRR151/004/SRR1518874/SRR1518874_2.fastq.gz"
SRR1518875;"ftp.sra.ebi.ac.uk/vol1/fastq/SRR151/005/SRR1518875/SRR1518875_1.fastq.gz;ftp.sra.ebi.ac.uk/vol1/fastq/SRR151/005/SRR1518875/SRR1518875_2.fastq.gz"
SRR1518876;"ftp.sra.ebi.ac.uk/vol1/fastq/SRR151/006/SRR1518876/SRR1518876_1.fastq.gz;ftp.sra.ebi.ac.uk/vol1/fastq/SRR151/006/SRR1518876/SRR1518876_2.fastq.gz"
SRR1518877;"ftp.sra.ebi.ac.uk/vol1/fastq/SRR151/007/SRR1518877/SRR1518877_1.fastq.gz;ftp.sra.ebi.ac.uk/vol1/fastq/SRR151/007/SRR1518877/SRR1518877_2.fastq.gz"
SRR1518878;"ftp.sra.ebi.ac.uk/vol1/fastq/SRR151/008/SRR1518878/SRR1518878_1.fastq.gz;ftp.sra.ebi.ac.uk/vol1/fastq/SRR151/008/SRR1518878/SRR1518878_2.fastq.gz"
SRR1518879;"ftp.sra.ebi.ac.uk/vol1/fastq/SRR151/009/SRR1518879/SRR1518879_1.fastq.gz;ftp.sra.ebi.ac.uk/vol1/fastq/SRR151/009/SRR1518879/SRR1518879_2.fastq.gz"
SRR1518880;"ftp.sra.ebi.ac.uk/vol1/fastq/SRR151/000/SRR1518880/SRR1518880_1.fastq.gz;ftp.sra.ebi.ac.uk/vol1/fastq/SRR151/000/SRR1518880/SRR1518880_2.fastq.gz"
SRR1518881;"ftp.sra.ebi.ac.uk/vol1/fastq/SRR151/001/SRR1518881/SRR1518881_1.fastq.gz;ftp.sra.ebi.ac.uk/vol1/fastq/SRR151/001/SRR1518881/SRR1518881_2.fastq.gz"
SRR1518882;"ftp.sra.ebi.ac.uk/vol1/fastq/SRR151/002/SRR1518882/SRR1518882_1.fastq.gz;ftp.sra.ebi.ac.uk/vol1/fastq/SRR151/002/SRR1518882/SRR1518882_2.fastq.gz"
SRR1518883;"ftp.sra.ebi.ac.uk/vol1/fastq/SRR151/003/SRR1518883/SRR1518883_1.fastq.gz;ftp.sra.ebi.ac.uk/vol1/fastq/SRR151/003/SRR1518883/SRR1518883_2.fastq.gz"
SRR1518884;"ftp.sra.ebi.ac.uk/vol1/fastq/SRR151/004/SRR1518884/SRR1518884_1.fastq.gz;ftp.sra.ebi.ac.uk/vol1/fastq/SRR151/004/SRR1518884/SRR1518884_2.fastq.gz"
SRR1518885;"ftp.sra.ebi.ac.uk/vol1/fastq/SRR151/005/SRR1518885/SRR1518885_1.fastq.gz;ftp.sra.ebi.ac.uk/vol1/fastq/SRR151/005/SRR1518885/SRR1518885_2.fastq.gz"
SRR1518886;"ftp.sra.ebi.ac.uk/vol1/fastq/SRR151/006/SRR1518886/SRR1518886_1.fastq.gz;ftp.sra.ebi.ac.uk/vol1/fastq/SRR151/006/SRR1518886/SRR1518886_2.fastq.gz"
SRR1518887;"ftp.sra.ebi.ac.uk/vol1/fastq/SRR151/007/SRR1518887/SRR1518887_1.fastq.gz;ftp.sra.ebi.ac.uk/vol1/fastq/SRR151/007/SRR1518887/SRR1518887_2.fastq.gz"
SRR1518888;"ftp.sra.ebi.ac.uk/vol1/fastq/SRR151/008/SRR1518888/SRR1518888_1.fastq.gz;ftp.sra.ebi.ac.uk/vol1/fastq/SRR151/008/SRR1518888/SRR1518888_2.fastq.gz"
SRR1518889;"ftp.sra.ebi.ac.uk/vol1/fastq/SRR151/009/SRR1518889/SRR1518889_1.fastq.gz;ftp.sra.ebi.ac.uk/vol1/fastq/SRR151/009/SRR1518889/SRR1518889_2.fastq.gz"
SRR1518890;"ftp.sra.ebi.ac.uk/vol1/fastq/SRR151/000/SRR1518890/SRR1518890_1.fastq.gz;ftp.sra.ebi.ac.uk/vol1/fastq/SRR151/000/SRR1518890/SRR1518890_2.fastq.gz"
SRR1518891;"ftp.sra.ebi.ac.uk/vol1/fastq/SRR151/001/SRR1518891/SRR1518891_1.fastq.gz;ftp.sra.ebi.ac.uk/vol1/fastq/SRR151/001/SRR1518891/SRR1518891_2.fastq.gz"
SRR1518892;"ftp.sra.ebi.ac.uk/vol1/fastq/SRR151/002/SRR1518892/SRR1518892_1.fastq.gz;ftp.sra.ebi.ac.uk/vol1/fastq/SRR151/002/SRR1518892/SRR1518892_2.fastq.gz"
SRR1518893;"ftp.sra.ebi.ac.uk/vol1/fastq/SRR151/003/SRR1518893/SRR1518893_1.fastq.gz;ftp.sra.ebi.ac.uk/vol1/fastq/SRR151/003/SRR1518893/SRR1518893_2.fastq.gz"
SRR1518894;"ftp.sra.ebi.ac.uk/vol1/fastq/SRR151/004/SRR1518894/SRR1518894_1.fastq.gz;ftp.sra.ebi.ac.uk/vol1/fastq/SRR151/004/SRR1518894/SRR1518894_2.fastq.gz"
SRR1518895;"ftp.sra.ebi.ac.uk/vol1/fastq/SRR151/005/SRR1518895/SRR1518895_1.fastq.gz;ftp.sra.ebi.ac.uk/vol1/fastq/SRR151/005/SRR1518895/SRR1518895_2.fastq.gz"
SRR1518896;"ftp.sra.ebi.ac.uk/vol1/fastq/SRR151/006/SRR1518896/SRR1518896_1.fastq.gz;ftp.sra.ebi.ac.uk/vol1/fastq/SRR151/006/SRR1518896/SRR1518896_2.fastq.gz"
SRR1518897;"ftp.sra.ebi.ac.uk/vol1/fastq/SRR151/007/SRR1518897/SRR1518897_1.fastq.gz;ftp.sra.ebi.ac.uk/vol1/fastq/SRR151/007/SRR1518897/SRR1518897_2.fastq.gz"
SRR1518898;"ftp.sra.ebi.ac.uk/vol1/fastq/SRR151/008/SRR1518898/SRR1518898_1.fastq.gz;ftp.sra.ebi.ac.uk/vol1/fastq/SRR151/008/SRR1518898/SRR1518898_2.fastq.gz"
SRR1518899;"ftp.sra.ebi.ac.uk/vol1/fastq/SRR151/009/SRR1518899/SRR1518899_1.fastq.gz;ftp.sra.ebi.ac.uk/vol1/fastq/SRR151/009/SRR1518899/SRR1518899_2.fastq.gz"
SRR1518900;"ftp.sra.ebi.ac.uk/vol1/fastq/SRR151/000/SRR1518900/SRR1518900_1.fastq.gz;ftp.sra.ebi.ac.uk/vol1/fastq/SRR151/000/SRR1518900/SRR1518900_2.fastq.gz"
SRR1518901;"ftp.sra.ebi.ac.uk/vol1/fastq/SRR151/001/SRR1518901/SRR1518901_1.fastq.gz;ftp.sra.ebi.ac.uk/vol1/fastq/SRR151/001/SRR1518901/SRR1518901_2.fastq.gz"
SRR1518902;"ftp.sra.ebi.ac.uk/vol1/fastq/SRR151/002/SRR1518902/SRR1518902_1.fastq.gz;ftp.sra.ebi.ac.uk/vol1/fastq/SRR151/002/SRR1518902/SRR1518902_2.fastq.gz"
SRR1518903;"ftp.sra.ebi.ac.uk/vol1/fastq/SRR151/003/SRR1518903/SRR1518903_1.fastq.gz;ftp.sra.ebi.ac.uk/vol1/fastq/SRR151/003/SRR1518903/SRR1518903_2.fastq.gz"
SRR1518904;"ftp.sra.ebi.ac.uk/vol1/fastq/SRR151/004/SRR1518904/SRR1518904_1.fastq.gz;ftp.sra.ebi.ac.uk/vol1/fastq/SRR151/004/SRR1518904/SRR1518904_2.fastq.gz"
SRR1518905;"ftp.sra.ebi.ac.uk/vol1/fastq/SRR151/005/SRR1518905/SRR1518905_1.fastq.gz;ftp.sra.ebi.ac.uk/vol1/fastq/SRR151/005/SRR1518905/SRR1518905_2.fastq.gz"
SRR1518906;"ftp.sra.ebi.ac.uk/vol1/fastq/SRR151/006/SRR1518906/SRR1518906_1.fastq.gz;ftp.sra.ebi.ac.uk/vol1/fastq/SRR151/006/SRR1518906/SRR1518906_2.fastq.gz"
SRR1518907;"ftp.sra.ebi.ac.uk/vol1/fastq/SRR151/007/SRR1518907/SRR1518907_1.fastq.gz;ftp.sra.ebi.ac.uk/vol1/fastq/SRR151/007/SRR1518907/SRR1518907_2.fastq.gz"
SRR1518908;"ftp.sra.ebi.ac.uk/vol1/fastq/SRR151/008/SRR1518908/SRR1518908_1.fastq.gz;ftp.sra.ebi.ac.uk/vol1/fastq/SRR151/008/SRR1518908/SRR1518908_2.fastq.gz"
SRR1518909;"ftp.sra.ebi.ac.uk/vol1/fastq/SRR151/009/SRR1518909/SRR1518909_1.fastq.gz;ftp.sra.ebi.ac.uk/vol1/fastq/SRR151/009/SRR1518909/SRR1518909_2.fastq.gz"
SRR1518910;"ftp.sra.ebi.ac.uk/vol1/fastq/SRR151/000/SRR1518910/SRR1518910_1.fastq.gz;ftp.sra.ebi.ac.uk/vol1/fastq/SRR151/000/SRR1518910/SRR1518910_2.fastq.gz"
SRR1518911;"ftp.sra.ebi.ac.uk/vol1/fastq/SRR151/001/SRR1518911/SRR1518911_1.fastq.gz;ftp.sra.ebi.ac.uk/vol1/fastq/SRR151/001/SRR1518911/SRR1518911_2.fastq.gz"
SRR1518912;"ftp.sra.ebi.ac.uk/vol1/fastq/SRR151/002/SRR1518912/SRR1518912_1.fastq.gz;ftp.sra.ebi.ac.uk/vol1/fastq/SRR151/002/SRR1518912/SRR1518912_2.fastq.gz"
SRR1518913;"ftp.sra.ebi.ac.uk/vol1/fastq/SRR151/003/SRR1518913/SRR1518913_1.fastq.gz;ftp.sra.ebi.ac.uk/vol1/fastq/SRR151/003/SRR1518913/SRR1518913_2.fastq.gz"
SRR1518914;"ftp.sra.ebi.ac.uk/vol1/fastq/SRR151/004/SRR1518914/SRR1518914_1.fastq.gz;ftp.sra.ebi.ac.uk/vol1/fastq/SRR151/004/SRR1518914/SRR1518914_2.fastq.gz"
SRR1518915;"ftp.sra.ebi.ac.uk/vol1/fastq/SRR151/005/SRR1518915/SRR1518915_1.fastq.gz;ftp.sra.ebi.ac.uk/vol1/fastq/SRR151/005/SRR1518915/SRR1518915_2.fastq.gz"
SRR1518916;"ftp.sra.ebi.ac.uk/vol1/fastq/SRR151/006/SRR1518916/SRR1518916_1.fastq.gz;ftp.sra.ebi.ac.uk/vol1/fastq/SRR151/006/SRR1518916/SRR1518916_2.fastq.gz"
SRR1518917;"ftp.sra.ebi.ac.uk/vol1/fastq/SRR151/007/SRR1518917/SRR1518917_1.fastq.gz;ftp.sra.ebi.ac.uk/vol1/fastq/SRR151/007/SRR1518917/SRR1518917_2.fastq.gz"
